12330,my10by10
56445,my10by10
50797,my10by10
54683,my10by10
21807,my10by10
28015,my10by10
13476,my10by10
12861,my10by10
22187,my10by10
72931,my10by10
66414,my10by10
22628,my10by10
68728,my10by10
14004,my10by10
68836,my10by10
18597,my10by10
12974,my10by10
108660,my10by10
353242,my10by10
69046,my10by10
16341,my10by10
11364,my10by10
11674,my10by10
11946,my10by10
11983,my10by10
12461,my10by10
12558,my10by10
13204,my10by10
13207,my10by10
13382,my10by10
14827,my10by10
14148,my10by10
14225,my10by10
15516,my10by10
16432,my10by10
16709,my10by10
16956,my10by10
17448,my10by10
17775,my10by10
18023,my10by10
18148,my10by10
268373,my10by10
19231,my10by10
19326,my10by10
19349,my10by10
19357,my10by10
20102,my10by10
20103,my10by10
20422,my10by10
20462,my10by10
20973,my10by10
21872,my10by10
21991,my10by10
22070,my10by10
269523,my10by10
11669,my10by10
11677,my10by10
11747,my10by10
11804,my10by10
11938,my10by10
11984,my10by10
12373,my10by10
12385,my10by10
12462,my10by10
12464,my10by10
12466,my10by10
12476,my10by10
12540,my10by10
13033,my10by10
13205,my10by10
14325,my10by10
14609,my10by10
14683,my10by10
14718,my10by10
14719,my10by10
15382,my10by10
15519,my10by10
15526,my10by10
16828,my10by10
18000,my10by10
19073,my10by10
19170,my10by10
19243,my10by10
19385,my10by10
19988,my10by10
20084,my10by10
20382,my10by10
20597,my10by10
22027,my10by10
22333,my10by10
22335,my10by10
23970,my10by10
23994,my10by10
24109,my10by10
26443,my10by10
26444,my10by10
27050,my10by10
26961,my10by10
13690,my10by10
17938,my10by10
18263,my10by10
20055,my10by10
21454,my10by10
27357,my10by10
27367,my10by10
29876,my10by10
30057,my10by10
30939,my10by10
30960,my10by10
11430,my10by10
50799,my10by10
50849,my10by10
11947,my10by10
53600,my10by10
53599,my10by10
18242,my10by10
54214,my10by10
23980,my10by10
54405,my10by10
22190,my10by10
56442,my10by10
56431,my10by10
56490,my10by10
56451,my10by10
57320,my10by10
11949,my10by10
57752,my10by10
67184,my10by10
68024,my10by10
56338,my10by10
74117,my10by10
66158,my10by10
66290,my10by10
68197,my10by10
68337,my10by10
78294,my10by10
21761,my10by10
66046,my10by10
66108,my10by10
66109,my10by10
66117,my10by10
66128,my10by10
66142,my10by10
66383,my10by10
66397,my10by10
66447,my10by10
66449,my10by10
66483,my10by10
66489,my10by10
66495,my10by10
110323,my10by10
66694,my10by10
66834,my10by10
66905,my10by10
66916,my10by10
104303,my10by10
67044,my10by10
67054,my10by10
67130,my10by10
67186,my10by10
67248,my10by10
67267,my10by10
67270,my10by10
67437,my10by10
67443,my10by10
67530,my10by10
67568,my10by10
67713,my10by10
67869,my10by10
67942,my10by10
68045,my10by10
68202,my10by10
68316,my10by10
108143,my10by10
56282,my10by10
71679,my10by10
72459,my10by10
75406,my10by10
19045,my10by10
22384,my10by10
50933,my10by10
93684,my10by10
112405,my10by10
117198,my10by10
66092,my10by10
68135,my10by10
170930,my10by10
17995,my10by10
21762,my10by10
11928,my10by10
218490,my10by10
109905,my10by10
231086,my10by10
227613,my10by10
56347,my10by10
66713,my10by10
226646,my10by10
56397,my10by10
78920,my10by10
17705,my10by10
17711,my10by10
55950,my10by10
93739,my10by10
17237,my10by10
13445,my10by10
83962,my10by10
110842,my10by10
50770,my10by10
231413,my10by10
56330,my10by10
20116,my10by10
18103,my10by10
27176,my10by10
12867,my10by10
18655,my10by10
66481,my10by10
12864,my10by10
19384,my10by10
66477,my10by10
18674,my10by10
106529,my10by10
218952,my10by10
22682,my10by10
28295,my10by10
11740,my10by10
27370,my10by10
15510,my10by10
30930,my10by10
53378,my10by10
12176,my10by10
58875,my10by10
59021,my10by10
14533,my10by10
19177,my10by10
56455,my10by10
18477,my10by10
68194,my10by10
21672,my10by10
19167,my10by10
104130,my10by10
232087,my10by10
70186,my10by10
67383,my10by10
233908,my10by10
66480,my10by10
66091,my10by10
28080,my10by10
68036,my10by10
52637,my10by10
26446,my10by10
66359,my10by10
245688,my10by10
14109,my10by10
66556,my10by10
19744,my10by10
228033,my10by10
67891,my10by10
66734,my10by10
12859,my10by10
19084,my10by10
52639,my10by10
67863,my10by10
68375,my10by10
67035,my10by10
20918,my10by10
12868,my10by10
14869,my10by10
12793,my10by10
26441,my10by10
170658,my10by10
234214,my10by10
66218,my10by10
67003,my10by10
108989,my10by10
72157,my10by10
70257,my10by10
66085,my10by10
20044,my10by10
20068,my10by10
56307,my10by10
18002,my10by10
23983,my10by10
17347,my10by10
67693,my10by10
27425,my10by10
12858,my10by10
67068,my10by10
67800,my10by10
20229,my10by10
20656,my10by10
12857,my10by10
12314,my10by10
20091,my10by10
56378,my10by10
17991,my10by10
14828,my10by10
12313,my10by10
14712,my10by10
12785,my10by10
12866,my10by10
18570,my10by10
27981,my10by10
20463,my10by10
67126,my10by10
17993,my10by10
22210,my10by10
22627,my10by10
66576,my10by10
19982,my10by10
55949,my10by10
19052,my10by10
54198,my10by10
19943,my10by10
12010,my10by10
16832,my10by10
66629,my10by10
11840,my10by10
16783,my10by10
59008,my10by10
68095,my10by10
114128,my10by10
13167,my10by10
353187,my10by10
12387,my10by10
12453,my10by10
66618,my10by10
56436,my10by10
68097,my10by10
53379,my10by10
74182,my10by10
19989,my10by10
66177,my10by10
20411,my10by10
18245,my10by10
15081,my10by10
15528,my10by10
69019,my10by10
13682,my10by10
67887,my10by10
16784,my10by10
14319,my10by10
18458,my10by10
234593,my10by10
12321,my10by10
17319,my10by10
110954,my10by10
65113,my10by10
11950,my10by10
19299,my10by10
20280,my10by10
93687,my10by10
14707,my10by10
13627,my10by10
21366,my10by10
14081,my10by10
68585,my10by10
66945,my10by10
69576,my10by10
71914,my10by10
13629,my10by10
27057,my10by10
18293,my10by10
26440,my10by10
83997,my10by10
71883,my10by10
12826,my10by10
19247,my10by10
19353,my10by10
69010,my10by10
108767,my10by10
606496,my10by10
320609,my10by10
212111,my10by10
19899,my10by10
52898,my10by10
56376,my10by10
20916,my10by10
12343,my10by10
14678,my10by10
19027,my10by10
22763,my10by10
72479,my10by10
15387,my10by10
11958,my10by10
229663,my10by10
22608,my10by10
76808,my10by10
21854,my10by10
19328,my10by10
381339,my10by10
103554,my10by10
11739,my10by10
14548,my10by10
67300,my10by10
76707,my10by10
14194,my10by10
68810,my10by10
69029,my10by10
66915,my10by10
19087,my10by10
19172,my10by10
14359,my10by10
232341,my10by10
433297,my10by10
13046,my10by10
320717,my10by10
74006,my10by10
218236,my10by10
12215,my10by10
235072,my10by10
70827,my10by10
76469,my10by10
230075,my10by10
20655,my10by10
68436,my10by10
627798,my10by10
225288,my10by10
625917,my10by10
629557,my10by10
